{"cameraMode":{"drawMode":0,"name":"Shaded","section":"Shading Mode"},"sceneLighting":true,"audioPlay":false,"sceneViewState":{"m_AlwaysRefresh":false,"showFog":true,"showSkybox":true,"showFlares":true,"showImageEffects":true,"showParticleSystems":true,"showVisualEffectGraphs":true,"m_FxEnabled":true},"in2DMode":false,"pivot":{"x":-2.674992561340332,"y":4.225347995758057,"z":-19.85047149658203},"rotation":{"x":-0.0363011509180069,"y":0.00509417150169611,"z":-0.00018489290960133076,"w":-0.9993284940719605},"size":1.1277904510498047,"orthographic":false}